id,name,country,latitude,longitude,elevation,first_day,last_day,completeness
06717,Grand St. Bernard / Grand Saint Bernard,CH,45.8689,7.1708,2472,1864-01-01,2026-09-16,100
06762,Locarno-Magadino,CH,46.1667,8.8833,197,1955-01-01,2026-10-04,100
06770,Lugano,CH,46.0,8.9667,273,1901-01-01,2026-10-04,100
16022,Paganella,IT,46.15,11.0333,2125,1951-01-01,2026-10-04,100
16036,Aviano,IT,46.0333,12.6,128,1966-07-01,2026-09-23,100
16052,Pian Rosa,IT,45.9333,7.7,3480,1965-01-29,2025-12-31,100
16059,Torino / Caselle,IT,45.2167,7.65,301,1964-08-11,2026-10-04,100
16061,Torino / Bric Della Croce,IT,45.0333,7.7333,709,1973-01-01,2026-09-23,100
16064,Novara / Cameri,IT,45.5167,8.6667,178,1966-09-23,2026-09-23,100
16066,Milano / Malpensa,IT,45.6167,8.7333,234,1965-02-04,2026-10-04,100
16076,Bergamo / Orio Al Serio,IT,45.6667,9.7,238,1966-09-08,2026-10-04,100
16080,Milano / Linate,IT,45.4333,9.2833,107,1931-01-04,2026-10-04,100
16084,Piacenza,IT,44.9167,9.7333,134,1966-09-14,2026-10-04,100
16088,Brescia / Ghedi,IT,45.4167,10.2833,102,1966-09-04,2026-10-04,100
16089,Verona / Rivoltella,IT,45.4644,10.5553,64,2005-07-27,2025-04-15,97
16090,Verona / Villafranca,IT,45.3833,10.8667,67,1945-05-18,2026-10-04,100
16095,Padova,IT,45.4,11.85,13,1973-01-01,2026-10-04,38
16098,Treviso / Istrana,IT,45.6833,12.1,45,1966-09-04,2026-09-23,100
16099,Treviso / S. Angelo,IT,45.65,12.1833,18,1966-09-01,2026-10-04,100
16105,Venezia / Tessera,IT,45.5,12.3333,2,1961-03-01,2026-10-04,100
16111,Monte Settepani / Caragna,IT,44.2425,8.2011,1381,2005-07-27,2024-05-27,100
16114,Mondovi,IT,44.3833,7.8167,559,1984-11-01,2025-08-24,40
16115,Monte Malanotte,IT,44.25,7.8,1741,1973-06-08,2025-10-29,76
16119,Passo Dei Giovi,IT,44.6333,8.9333,468,1973-01-03,2025-10-27,58
16120,Genova / Sestri,IT,44.4167,8.85,2,1931-01-01,2026-10-04,100
16122,Albenga,IT,44.05,8.1167,45,1973-01-01,2026-10-04,83
16124,Passo Della Cisa,IT,44.4333,9.9333,1039,1973-01-01,2024-02-16,60
16125,Sarzana / Luni,IT,44.0833,9.9833,9,1977-03-15,2026-10-04,59
16132,Bologna / Borgo Panigale,IT,44.5275,11.2886,51,2005-07-27,2024-11-12,53
16133,Ferrara / Fontana,IT,44.8153,11.6125,9,2005-07-27,2025-03-23,72
16134,Monte Cimone,IT,44.2,10.7,2165,1951-01-01,2026-10-02,100
16138,Ferrara,IT,44.8333,11.6167,10,1973-01-01,2025-12-18,78
16140,Bologna / Borgo Panigale,IT,44.5333,11.3,36,1964-08-11,2026-10-04,100
16146,Punta Marina,IT,44.45,12.3,2,1966-01-04,2026-07-01,100
16147,Forli,IT,44.2,12.0667,27,1973-01-01,2026-10-04,100
16148,Cervia,IT,44.2167,12.3,6,1973-01-01,2026-10-04,100
16149,Rimini,IT,44.0333,12.6167,12,1945-04-08,2026-10-04,100
LIMA0,Torino / Collegno,IT,45.0864,7.6034,287,2008-05-19,2026-10-04,86
LIMW0,Aosta / Pollein,IT,45.7394,7.362,546,1984-07-01,2026-10-04,72
