seed,mu,alpha,beta,m,theta,w
0,-0.00030641806657980366,0.055700993427687445,0.8916519481119725,-6.580023712287947,0.07396028358914614,4.2097208269790425
1,3.14506704545565e-05,0.08694864949476602,0.8322182097696844,-6.661068241124072,0.12311025004279828,2.444480139299929
2,-0.0002129893424201598,0.0804480274403489,0.866849847424487,-6.7411794271543375,0.18157321280395572,1.0379056860942861
3,-5.768637540040294e-05,0.056613717323801896,0.8649174140710607,-6.718538406895808,0.11815488342698274,4.141614674480067
4,-0.0005837593397621721,0.08816079310209798,0.8576068799283167,-6.420574788284446,0.053935031064359165,6.378647346112571
5,0.0006190067166677527,0.09478274698980571,0.8486086717381046,-6.408829902129874,0.05792029176919235,7.488623100799943
6,-0.00015560845309748936,0.06735507419064427,0.8767378138403745,-6.710177987130264,0.15937249290950228,2.2604011911831643
7,0.0003426366799138985,0.07985774423964406,0.8570271512326118,-6.6186608644476355,0.1001932999235362,3.5590460380543623
8,0.0006434128507029842,0.09683208890770764,0.8243423723936331,-6.6497210720174875,0.13226829106231974,2.4219566614903916
9,0.0007199803157222325,0.06696034399417314,0.8823027844394633,-6.589570211265372,0.1773968362927315,1.6754239136780804
