date,gap
2021-06-01,8.526512829121202e-14
2021-06-02,1.5276668818842154e-13
2021-06-03,8.881784197001252e-14
2021-06-04,2.1316282072803006e-14
2021-06-05,2.1316282072803006e-14
2021-06-06,4.263256414560601e-14
2021-06-07,2.1316282072803006e-14
2021-06-08,2.1316282072803006e-14
2021-06-09,1.7763568394002505e-14
2021-06-10,2.4868995751603507e-14
2021-06-11,3.197442310920451e-14
2021-06-12,2.1316282072803006e-14
2021-06-13,2.842170943040401e-14
2021-06-14,2.1316282072803006e-14
2021-06-15,1.7763568394002505e-14
2021-06-16,2.1316282072803006e-14
2021-06-17,2.1316282072803006e-14
2021-06-18,1.4210854715202004e-14
2021-06-19,2.4868995751603507e-14
2021-06-20,2.4868995751603507e-14
2021-06-21,1.4210854715202004e-14
2021-06-22,1.7763568394002505e-14
2021-06-23,1.4921397450962104e-13
2021-06-24,1.7763568394002505e-14
2021-06-25,1.7763568394002505e-14
2021-06-26,2.842170943040401e-14
2021-06-27,2.1316282072803006e-14
2021-06-28,2.1316282072803006e-14
2021-06-29,1.7763568394002505e-14
2021-06-30,2.1316282072803006e-14
2021-07-01,2.842170943040401e-14
2021-07-02,3.907985046680551e-14
2021-07-03,3.197442310920451e-14
2021-07-04,1.0302869668521453e-13
2021-07-05,3.907985046680551e-14
2021-07-06,4.263256414560601e-14
2021-07-07,5.684341886080802e-14
2021-07-08,2.842170943040401e-14
2021-07-09,7.460698725481052e-14
2021-07-10,2.4868995751603507e-14
2021-07-11,3.197442310920451e-14
2021-07-12,3.552713678800501e-14
2021-07-13,4.263256414560601e-14
2021-07-14,2.4868995751603507e-14
2021-07-15,3.197442310920451e-14
2021-07-16,1.4210854715202004e-14
2021-07-17,2.4868995751603507e-14
2021-07-18,3.197442310920451e-14
2021-07-19,2.842170943040401e-14
2021-07-20,2.4868995751603507e-14
2021-07-21,1.4210854715202004e-14
2021-07-22,3.552713678800501e-14
2021-07-23,6.750155989720952e-14
2021-07-24,3.197442310920451e-14
2021-07-25,2.4868995751603507e-14
2021-07-26,2.1316282072803006e-14
2021-07-27,2.4868995751603507e-14
2021-07-28,3.552713678800501e-14
2021-07-29,2.842170943040401e-14
2021-07-30,3.552713678800501e-14
2021-07-31,2.842170943040401e-14
2021-08-01,2.1316282072803006e-14
2021-08-02,3.552713678800501e-14
2021-08-03,2.842170943040401e-14
2021-08-04,2.1316282072803006e-14
2021-08-05,2.4868995751603507e-14
2021-08-06,2.1316282072803006e-14
2021-08-07,2.842170943040401e-14
2021-08-08,2.4868995751603507e-14
2021-08-09,1.4210854715202004e-14
2021-08-10,3.552713678800501e-14
2021-08-11,2.4158453015843406e-13
2021-08-12,2.842170943040401e-14
2021-08-13,2.842170943040401e-14
2021-08-14,5.684341886080802e-14
2021-08-15,2.1316282072803006e-14
2021-08-16,3.907985046680551e-14
2021-08-17,6.394884621840902e-14
2021-08-18,2.1316282072803006e-14
2021-08-19,3.552713678800501e-14
2021-08-20,2.4868995751603507e-14
2021-08-21,2.4868995751603507e-14
2021-08-22,6.039613253960852e-14
2021-08-23,1.7763568394002505e-14
2021-08-24,1.4921397450962104e-13
2021-08-25,2.842170943040401e-14
2021-08-26,2.1316282072803006e-14
2021-08-27,3.197442310920451e-14
2021-08-28,8.526512829121202e-14
2021-08-29,5.3290705182007514e-14
2021-08-30,3.907985046680551e-14
2021-08-31,1.7763568394002505e-14
2022-06-01,2.1316282072803006e-14
2022-06-02,3.552713678800501e-14
2022-06-03,2.1316282072803006e-14
2022-06-04,2.1316282072803006e-14
2022-06-05,2.1316282072803006e-14
2022-06-06,3.197442310920451e-14
2022-06-07,2.1316282072803006e-14
2022-06-08,2.1316282072803006e-14
2022-06-09,1.4210854715202004e-14
2022-06-10,3.552713678800501e-14
2022-06-11,2.1316282072803006e-14
2022-06-12,4.973799150320701e-14
2022-06-13,3.197442310920451e-14
2022-06-14,2.842170943040401e-14
2022-06-15,6.288303211476887e-13
2022-06-16,2.842170943040401e-14
2022-06-17,2.4868995751603507e-14
2022-06-18,2.4868995751603507e-14
2022-06-19,1.4210854715202004e-14
2022-06-20,5.3290705182007514e-14
2022-06-21,1.7763568394002505e-14
2022-06-22,1.4210854715202004e-14
2022-06-23,1.3855583347321954e-13
2022-06-24,2.4868995751603507e-14
2022-06-25,3.552713678800501e-14
2022-06-26,2.842170943040401e-14
2022-06-27,2.842170943040401e-14
2022-06-28,1.7763568394002505e-14
2022-06-29,2.4868995751603507e-14
2022-06-30,2.1316282072803006e-14
2022-07-01,1.7763568394002505e-14
2022-07-02,2.842170943040401e-14
2022-07-03,2.1316282072803006e-14
2022-07-04,3.552713678800501e-14
2022-07-05,1.3145040611561853e-13
2022-07-06,3.552713678800501e-14
2022-07-07,2.842170943040401e-14
2022-07-08,6.394884621840902e-14
2022-07-09,4.263256414560601e-14
2022-07-10,2.4868995751603507e-14
2022-07-11,2.1316282072803006e-14
2022-07-12,2.842170943040401e-14
2022-07-13,3.552713678800501e-14
2022-07-14,2.842170943040401e-14
2022-07-15,3.552713678800501e-14
2022-07-16,3.552713678800501e-14
2022-07-17,1.7763568394002505e-14
2022-07-18,2.842170943040401e-14
2022-07-19,2.1316282072803006e-14
2022-07-20,6.394884621840902e-14
2022-07-21,3.552713678800501e-14
2022-07-22,3.552713678800501e-14
2022-07-23,4.263256414560601e-14
2022-07-24,2.842170943040401e-14
2022-07-25,3.552713678800501e-14
2022-07-26,2.1316282072803006e-14
2022-07-27,2.842170943040401e-14
2022-07-28,4.263256414560601e-14
2022-07-29,3.197442310920451e-14
2022-07-30,3.197442310920451e-14
2022-07-31,5.3290705182007514e-14
2022-08-01,5.3290705182007514e-14
2022-08-02,2.1316282072803006e-14
2022-08-03,3.552713678800501e-14
2022-08-04,4.263256414560601e-14
2022-08-05,3.552713678800501e-14
2022-08-06,2.1316282072803006e-14
2022-08-07,2.1316282072803006e-14
2022-08-08,2.1316282072803006e-14
2022-08-09,3.552713678800501e-14
2022-08-10,4.263256414560601e-14
2022-08-11,3.552713678800501e-14
2022-08-12,1.4210854715202004e-14
2022-08-13,2.1316282072803006e-14
2022-08-14,3.552713678800501e-14
2022-08-15,2.842170943040401e-14
2022-08-16,2.1316282072803006e-14
2022-08-17,2.1316282072803006e-14
2022-08-18,1.7763568394002505e-14
2022-08-19,2.842170943040401e-14
2022-08-20,2.842170943040401e-14
2022-08-21,5.684341886080802e-14
2022-08-22,2.1316282072803006e-14
2022-08-23,2.842170943040401e-14
2022-08-24,4.973799150320701e-14
2022-08-25,1.7763568394002505e-14
2022-08-26,1.4210854715202004e-14
2022-08-27,2.4868995751603507e-14
2022-08-28,4.263256414560601e-14
2022-08-29,2.4868995751603507e-14
2022-08-30,2.1316282072803006e-14
2022-08-31,3.197442310920451e-14
2023-06-01,2.4868995751603507e-14
2023-06-02,3.552713678800501e-14
2023-06-03,1.5631940186722204e-13
2023-06-04,2.1316282072803006e-14
2023-06-05,3.552713678800501e-14
2023-06-06,4.263256414560601e-14
2023-06-07,2.842170943040401e-14
2023-06-08,1.7763568394002505e-14
2023-06-09,3.197442310920451e-14
2023-06-10,2.3092638912203256e-13
2023-06-11,2.1316282072803006e-14
2023-06-12,2.842170943040401e-14
2023-06-13,2.1316282072803006e-14
2023-06-14,3.552713678800501e-14
2023-06-15,3.552713678800501e-14
2023-06-16,3.552713678800501e-14
2023-06-17,8.526512829121202e-14
2023-06-18,4.796163466380676e-13
2023-06-19,2.4868995751603507e-14
2023-06-20,2.4868995751603507e-14
2023-06-21,2.842170943040401e-14
2023-06-22,2.4868995751603507e-14
2023-06-23,2.842170943040401e-14
2023-06-24,2.4868995751603507e-14
2023-06-25,2.1316282072803006e-14
2023-06-26,2.1316282072803006e-14
2023-06-27,3.552713678800501e-14
2023-06-28,2.842170943040401e-14
2023-06-29,2.842170943040401e-14
2023-06-30,3.552713678800501e-14
2023-07-01,3.552713678800501e-14
2023-07-02,2.1316282072803006e-14
2023-07-03,4.263256414560601e-14
2023-07-04,1.4210854715202004e-14
2023-07-05,3.552713678800501e-14
2023-07-06,3.907985046680551e-14
2023-07-07,3.197442310920451e-14
2023-07-08,2.842170943040401e-14
2023-07-09,2.842170943040401e-14
2023-07-10,3.552713678800501e-14
2023-07-11,2.1316282072803006e-14
2023-07-12,1.0658141036401503e-13
2023-07-13,5.684341886080802e-14
2023-07-14,2.842170943040401e-14
2023-07-15,3.552713678800501e-14
2023-07-16,2.1316282072803006e-14
2023-07-17,2.842170943040401e-14
2023-07-18,2.1316282072803006e-14
2023-07-19,2.842170943040401e-14
2023-07-20,3.197442310920451e-14
2023-07-21,3.552713678800501e-14
2023-07-22,2.1316282072803006e-14
2023-07-23,1.7763568394002505e-14
2023-07-24,2.4868995751603507e-14
2023-07-25,6.039613253960852e-14
2023-07-26,2.842170943040401e-14
2023-07-27,2.4868995751603507e-14
2023-07-28,1.3500311979441904e-13
2023-07-29,4.618527782440651e-14
2023-07-30,2.1316282072803006e-14
2023-07-31,1.7763568394002505e-14
2023-08-01,3.552713678800501e-14
2023-08-02,2.1316282072803006e-14
2023-08-03,2.842170943040401e-14
2023-08-04,2.842170943040401e-14
2023-08-05,2.1316282072803006e-14
2023-08-06,2.4868995751603507e-14
2023-08-07,1.4210854715202004e-14
2023-08-08,4.263256414560601e-14
2023-08-09,3.552713678800501e-14
2023-08-10,2.1316282072803006e-14
2023-08-11,1.4566126083082054e-13
2023-08-12,3.552713678800501e-14
2023-08-13,4.973799150320701e-14
2023-08-14,2.1316282072803006e-14
2023-08-15,2.1316282072803006e-14
2023-08-16,2.1316282072803006e-14
2023-08-17,2.1316282072803006e-14
2023-08-18,2.842170943040401e-14
2023-08-19,3.339550858072471e-13
2023-08-20,4.263256414560601e-14
2023-08-21,2.842170943040401e-14
2023-08-22,7.815970093361102e-14
2023-08-23,4.263256414560601e-14
2023-08-24,2.4868995751603507e-14
2023-08-25,2.842170943040401e-14
2023-08-26,2.1316282072803006e-14
2023-08-27,2.1316282072803006e-14
2023-08-28,3.197442310920451e-14
2023-08-29,2.1316282072803006e-14
2023-08-30,2.842170943040401e-14
2023-08-31,5.3290705182007514e-14
