id,name,block,fold,anchor_km
06717,Grand St. Bernard / Grand Saint Bernard,4,3,20.686643475544415
06762,Locarno-Magadino,3004,3,62.206018576260696
06770,Lugano,3004,3,46.28643220600115
16022,Paganella,6004,2,86.18583747194462
16036,Aviano,8004,3,53.53017170482792
16052,Pian Rosa,1004,4,33.96302643607501
16059,Torino / Caselle,1002,2,62.290500521129346
16061,Torino / Bric Della Croce,1002,2,72.5130528407542
16064,Novara / Cameri,2003,1,49.07685607820084
16066,Milano / Malpensa,2003,1,46.28643220600115
16076,Bergamo / Orio Al Serio,4003,2,41.59829532749765
16080,Milano / Linate,3003,4,41.59829532749765
16084,Piacenza,4002,2,55.99048667676727
16088,Brescia / Ghedi,5003,2,45.81887155864989
16089,Verona / Rivoltella,5003,2,25.979901429448883
16090,Verona / Villafranca,6003,1,25.979901429448883
16095,Padova,7003,3,37.05883812721216
16098,Treviso / Istrana,8003,1,37.05883812721216
16099,Treviso / S. Angelo,8003,1,38.09009880049423
16105,Venezia / Tessera,8003,1,39.419482285684815
16111,Monte Settepani / Caragna,1000,0,55.23691176818371
16114,Mondovi,1000,0,72.5130528407542
16115,Monte Malanotte,1000,0,85.73642464245387
16119,Passo Dei Giovi,3001,0,24.9534832080776
16120,Genova / Sestri,2000,1,24.9534832080776
16122,Albenga,1000,0,71.3337013361861
16124,Passo Della Cisa,4000,4,55.99048667676727
16125,Sarzana / Luni,4000,4,94.686773149572
16132,Bologna / Borgo Panigale,6001,0,41.020983459801506
16133,Ferrara / Fontana,7001,4,39.95281825936871
16134,Monte Cimone,5000,4,59.3732482764647
16138,Ferrara,7001,4,41.737734021705165
16140,Bologna / Borgo Panigale,6001,0,39.95281825936871
16146,Punta Marina,8001,1,25.935705360799815
16147,Forli,8000,3,33.45002185350136
16148,Cervia,8000,3,25.935705360799815
16149,Rimini,8000,3,52.79103758900526
LIMA0,Torino / Collegno,1002,2,74.9769481407219
LIMW0,Aosta / Pollein,3,0,20.686643475544415
