date,scope,B0,M1,M2,M3,B2
2021-06-01,all land cells,1.05067,0.66062,0.45334,0.43780,1.72043
2021-06-01,land cells far from stations,1.19351,0.69364,0.50166,0.49527,1.98608
2021-06-02,all land cells,1.49577,0.62082,0.58441,0.69638,0.86920
2021-06-02,land cells far from stations,1.65405,0.69630,0.71629,0.85725,0.89615
2021-06-03,all land cells,1.64792,0.67078,0.51463,0.48189,2.43136
2021-06-03,land cells far from stations,1.82325,0.72831,0.54111,0.47882,2.60219
2021-06-04,all land cells,2.18379,0.88657,0.38899,0.38546,1.21708
2021-06-04,land cells far from stations,2.21700,0.87770,0.39474,0.40159,1.23859
2021-06-05,all land cells,1.33372,0.51290,0.34778,0.40280,0.74116
2021-06-05,land cells far from stations,1.25057,0.56845,0.37931,0.47959,0.76235
2021-06-06,all land cells,1.66479,0.85850,0.37082,0.35494,0.75320
2021-06-06,land cells far from stations,1.34524,0.67202,0.35736,0.33359,0.93590
2021-06-07,all land cells,1.95619,1.25113,0.42302,0.41684,0.80169
2021-06-07,land cells far from stations,1.94466,1.20170,0.50599,0.48361,0.88234
2021-06-08,all land cells,0.90146,0.37023,0.28676,0.32529,0.80455
2021-06-08,land cells far from stations,0.90307,0.40225,0.30600,0.34917,0.84065
2021-06-09,all land cells,1.50205,0.73418,0.36480,0.37135,0.92013
2021-06-09,land cells far from stations,1.48995,0.66788,0.34124,0.33194,1.06101
2021-06-10,all land cells,1.23729,0.74885,0.44111,0.46175,1.37705
2021-06-10,land cells far from stations,1.13557,0.71155,0.46681,0.47046,1.63123
2021-06-11,all land cells,2.28770,0.82153,0.65942,0.62253,3.18207
2021-06-11,land cells far from stations,2.14956,0.79864,0.70200,0.66979,4.14316
2021-06-12,all land cells,2.69968,1.35232,0.74903,0.71780,1.90370
2021-06-12,land cells far from stations,2.64803,1.43268,0.91914,0.83979,2.14788
2021-06-13,all land cells,3.34076,1.19262,0.41470,0.40640,2.30263
2021-06-13,land cells far from stations,3.05423,1.10346,0.40131,0.37917,2.81429
2021-06-14,all land cells,1.18548,0.63027,0.43285,0.41044,2.00789
2021-06-14,land cells far from stations,1.16583,0.67103,0.44457,0.40372,2.12140
2021-06-15,all land cells,1.35073,0.70485,0.40728,0.40814,1.77045
2021-06-15,land cells far from stations,1.15292,0.64376,0.46610,0.48189,2.09253
2021-06-16,all land cells,1.24256,0.53161,0.38101,0.39870,1.71520
2021-06-16,land cells far from stations,1.22503,0.61507,0.43505,0.47644,2.11941
2021-06-17,all land cells,1.47185,0.79255,0.38627,0.38577,2.28544
2021-06-17,land cells far from stations,1.50662,0.88715,0.43775,0.45038,2.81092
2021-06-18,all land cells,1.15388,0.60508,0.46554,0.45647,3.03505
2021-06-18,land cells far from stations,1.09821,0.63518,0.52112,0.52289,3.58087
2021-06-19,all land cells,1.27979,0.82196,0.59401,0.58421,3.95601
2021-06-19,land cells far from stations,1.25748,0.96203,0.65387,0.63725,5.15100
2021-06-20,all land cells,1.12332,1.39895,0.64781,0.68247,3.27372
2021-06-20,land cells far from stations,1.21171,1.43116,0.66656,0.69025,3.74750
2021-06-21,all land cells,0.97874,0.63678,0.47114,0.50588,1.93835
2021-06-21,land cells far from stations,1.06833,0.75292,0.57320,0.63420,2.40045
2021-06-22,all land cells,1.86759,0.69856,0.32822,0.34315,1.22346
2021-06-22,land cells far from stations,1.64243,0.67115,0.33961,0.39060,1.55992
2021-06-23,all land cells,2.38122,1.03989,0.41105,0.41318,1.08332
2021-06-23,land cells far from stations,2.65977,1.25407,0.41695,0.40059,1.34235
2021-06-24,all land cells,2.60823,0.79133,0.30119,0.27730,0.83967
2021-06-24,land cells far from stations,2.56404,0.85492,0.32294,0.30221,0.87392
2021-06-25,all land cells,1.16869,0.67032,0.33949,0.36558,0.72590
2021-06-25,land cells far from stations,1.24220,0.67879,0.35756,0.39851,0.77350
2021-06-26,all land cells,1.04815,0.59930,0.39171,0.36916,2.22969
2021-06-26,land cells far from stations,1.05771,0.59064,0.40736,0.37167,2.56050
2021-06-27,all land cells,1.48522,0.55979,0.27329,0.26811,0.71958
2021-06-27,land cells far from stations,1.72825,0.61652,0.30569,0.28549,0.70376
2021-06-28,all land cells,2.28771,0.62731,0.39824,0.37921,0.69319
2021-06-28,land cells far from stations,2.09104,0.59483,0.42874,0.40517,0.67884
2021-06-29,all land cells,1.90498,0.60889,0.27260,0.25366,0.67188
2021-06-29,land cells far from stations,1.88467,0.62070,0.26661,0.24986,0.49722
2021-06-30,all land cells,1.29860,0.79317,0.40924,0.38434,0.83406
2021-06-30,land cells far from stations,1.28332,0.97606,0.40354,0.39650,0.92343
2021-07-01,all land cells,3.01963,1.58001,0.33907,0.36372,0.60321
2021-07-01,land cells far from stations,3.18374,1.76506,0.41653,0.46680,0.59013
2021-07-02,all land cells,1.76615,1.12084,0.28914,0.34679,0.82060
2021-07-02,land cells far from stations,1.52557,0.98192,0.29616,0.39157,0.84198
2021-07-03,all land cells,2.38335,1.09367,0.35146,0.29877,1.08172
2021-07-03,land cells far from stations,2.29873,1.09572,0.38608,0.32296,1.20293
2021-07-04,all land cells,0.66343,0.46779,0.33156,0.32219,0.40602
2021-07-04,land cells far from stations,0.73345,0.49478,0.37762,0.36111,0.37552
2021-07-05,all land cells,1.62277,0.44256,0.34962,0.32084,1.01263
2021-07-05,land cells far from stations,1.52995,0.44947,0.42662,0.38302,0.85926
2021-07-06,all land cells,1.11345,0.50175,0.22595,0.22816,0.46005
2021-07-06,land cells far from stations,1.21658,0.59952,0.23983,0.22952,0.40354
2021-07-07,all land cells,2.19773,0.75780,0.45827,0.45362,0.60315
2021-07-07,land cells far from stations,2.41006,0.80364,0.53227,0.53197,0.63531
2021-07-08,all land cells,2.07936,0.82629,0.29575,0.28414,0.40662
2021-07-08,land cells far from stations,2.16233,0.90463,0.31993,0.29544,0.43261
2021-07-09,all land cells,0.80318,0.49949,0.32151,0.30159,0.96977
2021-07-09,land cells far from stations,0.72126,0.53653,0.34895,0.33392,0.98467
2021-07-10,all land cells,0.88368,0.76702,0.31054,0.32624,1.53535
2021-07-10,land cells far from stations,0.79880,0.84274,0.30480,0.33014,1.61333
2021-07-11,all land cells,0.91578,0.52269,0.36060,0.33075,0.51314
2021-07-11,land cells far from stations,0.69829,0.48469,0.39437,0.36539,0.57744
2021-07-12,all land cells,1.33718,0.40370,0.30634,0.33704,0.92347
2021-07-12,land cells far from stations,1.33144,0.38616,0.30706,0.32898,0.91332
2021-07-13,all land cells,2.73792,0.55490,0.35102,0.35192,1.16498
2021-07-13,land cells far from stations,2.85088,0.58321,0.34182,0.32270,0.93075
2021-07-14,all land cells,1.99790,0.39485,0.30031,0.34997,1.00258
2021-07-14,land cells far from stations,1.92638,0.37870,0.31353,0.35358,0.95653
2021-07-15,all land cells,1.50633,0.55578,0.31956,0.31981,1.03871
2021-07-15,land cells far from stations,1.58612,0.61271,0.35560,0.37685,0.92170
2021-07-16,all land cells,1.16182,0.42968,0.28799,0.29949,0.63274
2021-07-16,land cells far from stations,1.28175,0.46995,0.33838,0.35306,0.61959
2021-07-17,all land cells,1.10509,0.47357,0.28089,0.26467,0.83736
2021-07-17,land cells far from stations,1.05220,0.51782,0.31453,0.30640,0.91463
2021-07-18,all land cells,1.88176,0.64531,0.37050,0.40699,1.98495
2021-07-18,land cells far from stations,1.91756,0.70910,0.41614,0.43433,2.05924
2021-07-19,all land cells,1.80742,0.82766,0.53875,0.55240,2.08127
2021-07-19,land cells far from stations,1.73943,0.85710,0.62186,0.63837,2.71190
2021-07-20,all land cells,1.29912,0.51217,0.35304,0.34908,1.70515
2021-07-20,land cells far from stations,1.19204,0.53121,0.38485,0.40168,2.09151
2021-07-21,all land cells,0.94914,0.81736,0.34098,0.35558,1.75958
2021-07-21,land cells far from stations,0.90587,0.91346,0.35579,0.36886,2.17925
2021-07-22,all land cells,0.70988,1.04182,0.41366,0.44336,1.38187
2021-07-22,land cells far from stations,0.59357,1.01233,0.41090,0.43293,1.61123
2021-07-23,all land cells,1.03328,0.94225,0.39055,0.36755,1.28391
2021-07-23,land cells far from stations,1.17712,1.19586,0.41212,0.40079,1.50313
2021-07-24,all land cells,1.33185,0.64264,0.32274,0.37781,0.50547
2021-07-24,land cells far from stations,1.26997,0.54012,0.27370,0.33676,0.48543
2021-07-25,all land cells,1.25362,0.38860,0.32483,0.27934,0.75526
2021-07-25,land cells far from stations,1.40922,0.42256,0.33384,0.27260,0.68566
2021-07-26,all land cells,1.73733,0.52327,0.34757,0.38500,1.38581
2021-07-26,land cells far from stations,1.45535,0.52910,0.36060,0.44072,1.32840
2021-07-27,all land cells,1.69498,0.48644,0.36754,0.37073,1.01962
2021-07-27,land cells far from stations,1.65574,0.46328,0.35559,0.39108,0.90165
2021-07-28,all land cells,1.53095,0.65284,0.36408,0.35980,0.75619
2021-07-28,land cells far from stations,1.59778,0.70202,0.41767,0.41292,0.85848
2021-07-29,all land cells,1.68737,0.51029,0.35523,0.33149,0.69526
2021-07-29,land cells far from stations,1.61383,0.55437,0.37676,0.35751,0.66315
2021-07-30,all land cells,1.06702,0.64590,0.35539,0.44332,1.14995
2021-07-30,land cells far from stations,0.83686,0.66878,0.39338,0.51670,1.17589
2021-07-31,all land cells,1.32345,0.70530,0.43606,0.41281,1.39279
2021-07-31,land cells far from stations,1.04356,0.77531,0.54909,0.53192,1.79615
2021-08-01,all land cells,1.13326,0.58038,0.24666,0.27815,0.59762
2021-08-01,land cells far from stations,0.99566,0.60509,0.24565,0.28827,0.52605
2021-08-02,all land cells,1.24620,0.70650,0.29679,0.27918,0.46917
2021-08-02,land cells far from stations,1.22444,0.75632,0.30709,0.29839,0.44314
2021-08-03,all land cells,1.69358,0.87102,0.26718,0.34563,0.46191
2021-08-03,land cells far from stations,1.58399,0.87341,0.28192,0.38737,0.45914
2021-08-04,all land cells,1.75062,0.72341,0.27354,0.24482,0.38301
2021-08-04,land cells far from stations,1.79905,0.73114,0.27180,0.24063,0.42540
2021-08-05,all land cells,1.72273,0.69933,0.54978,0.55587,1.04829
2021-08-05,land cells far from stations,1.38334,0.74169,0.58016,0.55671,0.94590
2021-08-06,all land cells,1.46037,0.35020,0.22816,0.25799,0.70725
2021-08-06,land cells far from stations,1.51346,0.35581,0.24229,0.28373,0.58883
2021-08-07,all land cells,1.17710,0.50973,0.28259,0.27370,0.49070
2021-08-07,land cells far from stations,1.30166,0.48466,0.30198,0.30133,0.50073
2021-08-08,all land cells,1.04428,0.52830,0.29319,0.27597,0.86325
2021-08-08,land cells far from stations,1.09965,0.56919,0.33826,0.30781,0.68562
2021-08-09,all land cells,1.68974,0.33991,0.32023,0.33258,1.08309
2021-08-09,land cells far from stations,1.50569,0.31146,0.30988,0.31798,1.29787
2021-08-10,all land cells,1.53471,0.66132,0.36649,0.35576,1.44181
2021-08-10,land cells far from stations,1.04316,0.54704,0.32034,0.34598,1.73479
2021-08-11,all land cells,2.37052,0.94719,0.38170,0.42251,0.76237
2021-08-11,land cells far from stations,2.52396,0.95805,0.39356,0.47029,0.71561
2021-08-12,all land cells,2.26477,0.96564,0.32719,0.35728,1.06603
2021-08-12,land cells far from stations,2.40822,0.98844,0.37214,0.44647,1.35334
2021-08-13,all land cells,2.09073,1.26040,0.25590,0.26079,0.51362
2021-08-13,land cells far from stations,2.05887,1.21483,0.28363,0.27991,0.53262
2021-08-14,all land cells,2.82168,0.82422,0.33603,0.32761,1.22490
2021-08-14,land cells far from stations,2.99316,0.92006,0.35609,0.34472,1.49807
2021-08-15,all land cells,1.88417,0.66981,0.46136,0.46521,1.84066
2021-08-15,land cells far from stations,1.83813,0.68555,0.55808,0.56204,2.07390
2021-08-16,all land cells,1.62217,0.81538,0.54472,0.53149,1.96898
2021-08-16,land cells far from stations,1.64612,0.86343,0.52266,0.54219,2.08657
2021-08-17,all land cells,1.39292,0.51457,0.46311,0.42900,1.47119
2021-08-17,land cells far from stations,1.38515,0.53395,0.50079,0.47713,1.67606
2021-08-18,all land cells,1.24335,0.45374,0.34786,0.31454,1.15570
2021-08-18,land cells far from stations,1.37309,0.41972,0.40655,0.35032,0.99059
2021-08-19,all land cells,1.42508,0.54947,0.33828,0.35603,1.09151
2021-08-19,land cells far from stations,1.46441,0.66553,0.40808,0.43440,1.35910
2021-08-20,all land cells,1.83898,0.52850,0.29253,0.30288,0.82028
2021-08-20,land cells far from stations,1.76878,0.52975,0.36232,0.38383,0.76933
2021-08-21,all land cells,1.53986,0.65031,0.34003,0.32253,1.09269
2021-08-21,land cells far from stations,1.58065,0.72803,0.39102,0.39522,1.12343
2021-08-22,all land cells,1.57432,0.82293,0.34603,0.37384,0.61576
2021-08-22,land cells far from stations,1.68737,0.87457,0.35135,0.39993,0.51815
2021-08-23,all land cells,1.17626,0.58455,0.31587,0.34836,1.00529
2021-08-23,land cells far from stations,0.95987,0.57624,0.38547,0.42385,1.26334
2021-08-24,all land cells,2.17811,1.04426,0.41455,0.42697,1.10710
2021-08-24,land cells far from stations,1.97215,0.99566,0.46655,0.49622,1.21217
2021-08-25,all land cells,1.54982,0.70472,0.32114,0.31735,0.57262
2021-08-25,land cells far from stations,1.32198,0.68608,0.37393,0.37657,0.55371
2021-08-26,all land cells,1.58015,0.91531,0.39373,0.42895,0.92294
2021-08-26,land cells far from stations,1.59525,0.86787,0.41543,0.45375,1.05291
2021-08-27,all land cells,1.24592,0.52177,0.50617,0.53888,1.92664
2021-08-27,land cells far from stations,1.25068,0.59528,0.57193,0.63424,1.95883
2021-08-28,all land cells,1.24258,0.45623,0.46970,0.49893,1.00511
2021-08-28,land cells far from stations,1.06151,0.36454,0.40750,0.42939,0.82416
2021-08-29,all land cells,1.23456,0.63426,0.53583,0.54684,2.54045
2021-08-29,land cells far from stations,1.26092,0.76454,0.58530,0.63739,2.84529
2021-08-30,all land cells,2.27515,0.74543,0.38779,0.41430,1.97658
2021-08-30,land cells far from stations,2.20327,0.79832,0.44817,0.46718,2.03487
2021-08-31,all land cells,1.07873,0.43650,0.28635,0.29684,1.04941
2021-08-31,land cells far from stations,0.95843,0.44655,0.32855,0.33771,0.86311
2022-06-01,all land cells,0.88310,0.88469,0.31407,0.35243,0.87170
2022-06-01,land cells far from stations,0.94267,0.73752,0.33472,0.36138,0.88454
2022-06-02,all land cells,2.18347,0.82863,0.46533,0.50933,1.55494
2022-06-02,land cells far from stations,2.02284,0.75857,0.51708,0.58172,1.54348
2022-06-03,all land cells,2.79541,0.87914,0.48778,0.44564,1.92943
2022-06-03,land cells far from stations,2.65593,0.91903,0.55015,0.51274,2.40137
2022-06-04,all land cells,1.27264,0.93350,0.62822,0.55423,2.27982
2022-06-04,land cells far from stations,1.35790,1.14501,0.69147,0.63471,2.86093
2022-06-05,all land cells,1.44207,0.50652,0.41259,0.40379,1.75713
2022-06-05,land cells far from stations,1.52578,0.48049,0.43819,0.40321,1.43132
2022-06-06,all land cells,1.32991,0.79595,0.50031,0.47274,2.37323
2022-06-06,land cells far from stations,1.14930,0.85869,0.53833,0.52943,2.72590
2022-06-07,all land cells,1.72988,0.69445,0.47618,0.47422,2.06055
2022-06-07,land cells far from stations,1.80209,0.76596,0.48795,0.51086,2.25713
2022-06-08,all land cells,1.05859,0.43832,0.37162,0.38514,1.80324
2022-06-08,land cells far from stations,1.13439,0.54815,0.42021,0.41841,1.85558
2022-06-09,all land cells,1.38088,0.63773,0.37737,0.37169,1.04613
2022-06-09,land cells far from stations,1.48982,0.72235,0.42675,0.40310,1.20836
2022-06-10,all land cells,1.49110,0.70442,0.38014,0.39105,1.79717
2022-06-10,land cells far from stations,1.71980,0.76391,0.38695,0.38149,2.01421
2022-06-11,all land cells,0.85684,0.48102,0.38259,0.37513,1.50643
2022-06-11,land cells far from stations,0.79870,0.47439,0.43658,0.42663,1.87437
2022-06-12,all land cells,0.72984,0.85605,0.35233,0.34411,1.01962
2022-06-12,land cells far from stations,0.72737,0.91674,0.39776,0.39988,1.08407
2022-06-13,all land cells,0.91976,0.85150,0.25653,0.26836,0.80781
2022-06-13,land cells far from stations,0.80762,0.81611,0.28333,0.27979,0.78578
2022-06-14,all land cells,0.92993,0.70780,0.35599,0.35701,1.48522
2022-06-14,land cells far from stations,0.88959,0.56934,0.32314,0.34637,1.34853
2022-06-15,all land cells,1.71329,0.93913,0.85085,1.00660,1.46159
2022-06-15,land cells far from stations,1.76691,0.93587,0.87041,1.01627,1.44604
2022-06-16,all land cells,1.26914,0.70715,0.44629,0.42620,2.65887
2022-06-16,land cells far from stations,1.12341,0.77959,0.51827,0.50715,3.42834
2022-06-17,all land cells,1.28840,0.65296,0.43116,0.41878,2.24525
2022-06-17,land cells far from stations,1.28304,0.64533,0.46147,0.46249,2.57770
2022-06-18,all land cells,1.43356,1.18154,0.47165,0.44911,1.73063
2022-06-18,land cells far from stations,1.34749,1.31133,0.50254,0.48363,2.13349
2022-06-19,all land cells,1.13772,0.57971,0.39093,0.37386,2.29359
2022-06-19,land cells far from stations,1.14331,0.64466,0.41032,0.38491,2.54336
2022-06-20,all land cells,0.92995,1.07090,0.35917,0.33758,0.97894
2022-06-20,land cells far from stations,0.93137,1.05212,0.37534,0.34853,0.97793
2022-06-21,all land cells,2.18623,0.87924,0.30470,0.33494,0.77892
2022-06-21,land cells far from stations,2.06087,0.87408,0.33305,0.34913,0.75754
2022-06-22,all land cells,1.24617,0.32560,0.32292,0.35275,1.96667
2022-06-22,land cells far from stations,1.12027,0.37126,0.33750,0.40448,2.46845
2022-06-23,all land cells,0.76517,0.59978,0.54957,0.53403,1.79439
2022-06-23,land cells far from stations,0.87994,0.63120,0.71572,0.68935,2.11364
2022-06-24,all land cells,1.02990,0.59171,0.31520,0.31568,1.53829
2022-06-24,land cells far from stations,0.95231,0.63599,0.37766,0.38585,2.12077
2022-06-25,all land cells,1.79245,1.02787,0.69538,0.69515,2.22753
2022-06-25,land cells far from stations,1.53139,0.93121,0.68043,0.70548,3.06659
2022-06-26,all land cells,1.42877,0.53308,0.31498,0.31644,1.57908
2022-06-26,land cells far from stations,1.22671,0.52226,0.36577,0.35656,1.93449
2022-06-27,all land cells,2.11621,0.67018,0.29489,0.33669,1.13678
2022-06-27,land cells far from stations,2.04975,0.71267,0.33506,0.40765,1.19749
2022-06-28,all land cells,1.73347,0.69683,0.29378,0.29733,0.60344
2022-06-28,land cells far from stations,1.72720,0.76464,0.29815,0.29248,0.57799
2022-06-29,all land cells,0.95844,1.15809,0.45006,0.48013,1.63290
2022-06-29,land cells far from stations,0.81968,0.99421,0.50366,0.54951,1.95879
2022-06-30,all land cells,0.73088,1.16042,0.27934,0.24893,1.04642
2022-06-30,land cells far from stations,0.53784,0.84843,0.28081,0.24518,0.98416
2022-07-01,all land cells,0.94463,0.43716,0.24549,0.35436,0.67839
2022-07-01,land cells far from stations,0.92753,0.43417,0.25207,0.34401,0.61702
2022-07-02,all land cells,1.45324,0.51419,0.35049,0.33181,1.19060
2022-07-02,land cells far from stations,1.36440,0.46458,0.37303,0.37616,1.08167
2022-07-03,all land cells,1.65281,0.73566,0.35028,0.37346,0.71976
2022-07-03,land cells far from stations,1.47212,0.71414,0.38673,0.40365,0.81492
2022-07-04,all land cells,1.28879,0.82661,0.32799,0.32123,0.93088
2022-07-04,land cells far from stations,1.21141,0.75464,0.34220,0.34979,0.83458
2022-07-05,all land cells,1.48605,1.15715,0.77097,0.77670,0.99937
2022-07-05,land cells far from stations,1.57103,1.23726,0.93708,0.87389,1.10425
2022-07-06,all land cells,2.02718,0.62364,0.38257,0.33570,0.93460
2022-07-06,land cells far from stations,2.08220,0.66381,0.41345,0.35854,1.29078
2022-07-07,all land cells,1.32346,0.77692,0.41115,0.36200,1.22114
2022-07-07,land cells far from stations,1.28099,0.58549,0.37034,0.32521,1.49972
2022-07-08,all land cells,0.81308,0.78092,0.45033,0.43338,1.31400
2022-07-08,land cells far from stations,0.79083,0.79895,0.45312,0.44787,1.44499
2022-07-09,all land cells,0.99907,0.57511,0.35782,0.33294,0.78708
2022-07-09,land cells far from stations,1.04173,0.63658,0.40729,0.36762,0.87277
2022-07-10,all land cells,1.56247,0.67861,0.40233,0.39123,1.49219
2022-07-10,land cells far from stations,1.58944,0.66404,0.43986,0.41328,1.72366
2022-07-11,all land cells,2.54181,0.77088,0.38338,0.40016,0.91670
2022-07-11,land cells far from stations,2.35208,0.81065,0.38261,0.40586,1.11999
2022-07-12,all land cells,2.42908,1.21534,0.36077,0.35422,0.50548
2022-07-12,land cells far from stations,1.89399,0.94791,0.37013,0.37111,0.44610
2022-07-13,all land cells,3.93005,1.90348,0.25659,0.23741,0.45051
2022-07-13,land cells far from stations,3.50130,1.73872,0.26212,0.24156,0.43098
2022-07-14,all land cells,1.12741,0.36807,0.43370,0.41861,0.59937
2022-07-14,land cells far from stations,1.04296,0.37832,0.50470,0.50927,0.57421
2022-07-15,all land cells,1.66790,0.33878,0.32120,0.31843,0.88286
2022-07-15,land cells far from stations,1.64334,0.28713,0.33665,0.32038,0.68772
2022-07-16,all land cells,0.90618,0.49256,0.31748,0.32193,0.92158
2022-07-16,land cells far from stations,0.83666,0.51039,0.34113,0.33994,0.99514
2022-07-17,all land cells,0.84672,1.12457,0.29116,0.30224,0.92869
2022-07-17,land cells far from stations,0.77374,0.99485,0.29625,0.32124,0.92034
2022-07-18,all land cells,1.15858,1.40480,0.50265,0.50559,1.73536
2022-07-18,land cells far from stations,1.28776,1.42557,0.62549,0.63576,1.93010
2022-07-19,all land cells,1.46557,0.92673,0.58406,0.61251,2.15836
2022-07-19,land cells far from stations,1.13237,0.85535,0.56734,0.60818,2.53612
2022-07-20,all land cells,0.84265,0.79757,0.30325,0.30305,0.88719
2022-07-20,land cells far from stations,0.75716,0.50553,0.31140,0.28278,0.88039
2022-07-21,all land cells,0.65784,0.72167,0.28049,0.28142,0.76862
2022-07-21,land cells far from stations,0.60305,0.68002,0.27656,0.29368,0.80819
2022-07-22,all land cells,1.07285,0.70863,0.40083,0.41415,0.85249
2022-07-22,land cells far from stations,1.07359,0.53877,0.39223,0.42481,0.76770
2022-07-23,all land cells,1.54742,0.54170,0.34239,0.36941,0.97476
2022-07-23,land cells far from stations,1.65316,0.47537,0.35794,0.38780,0.74203
2022-07-24,all land cells,1.51658,0.57090,0.31324,0.33488,1.65507
2022-07-24,land cells far from stations,1.52770,0.57913,0.31910,0.36986,1.43774
2022-07-25,all land cells,2.35356,0.77604,0.31735,0.32360,0.69581
2022-07-25,land cells far from stations,2.43225,0.79835,0.31312,0.33194,0.77918
2022-07-26,all land cells,0.97605,0.61679,0.31824,0.30169,0.99423
2022-07-26,land cells far from stations,0.96658,0.70864,0.31722,0.30697,0.90281
2022-07-27,all land cells,2.38251,0.53355,0.35285,0.34675,1.39328
2022-07-27,land cells far from stations,2.19180,0.50656,0.35894,0.35022,1.06689
2022-07-28,all land cells,2.65522,0.56044,0.53108,0.40162,1.21445
2022-07-28,land cells far from stations,2.32477,0.50718,0.59478,0.41054,1.28180
2022-07-29,all land cells,2.03152,0.32399,0.37121,0.37026,1.18362
2022-07-29,land cells far from stations,1.87999,0.32891,0.36897,0.36964,1.11173
2022-07-30,all land cells,1.70594,0.75554,0.38085,0.34979,0.79854
2022-07-30,land cells far from stations,1.69517,0.76697,0.38235,0.36368,0.78441
2022-07-31,all land cells,1.27226,0.46605,0.36224,0.33715,1.98929
2022-07-31,land cells far from stations,1.47009,0.43984,0.41150,0.36095,2.26282
2022-08-01,all land cells,0.98453,0.46528,0.38509,0.36897,1.48265
2022-08-01,land cells far from stations,0.93962,0.42892,0.39487,0.36486,1.53338
2022-08-02,all land cells,1.25382,0.53570,0.45378,0.45692,1.56442
2022-08-02,land cells far from stations,1.09373,0.55303,0.49811,0.51445,1.68422
2022-08-03,all land cells,0.79531,0.93064,0.51976,0.51719,2.41167
2022-08-03,land cells far from stations,0.83406,0.94759,0.56503,0.58795,2.40725
2022-08-04,all land cells,2.27566,0.62810,0.51378,0.56327,2.20814
2022-08-04,land cells far from stations,2.34475,0.67384,0.58880,0.66905,2.31607
2022-08-05,all land cells,1.92756,1.06743,0.48308,0.47495,1.70589
2022-08-05,land cells far from stations,1.52808,1.00288,0.52649,0.52333,2.29231
2022-08-06,all land cells,2.28981,0.97137,0.34803,0.37207,1.05568
2022-08-06,land cells far from stations,2.17600,0.89495,0.35335,0.36458,1.19413
2022-08-07,all land cells,1.21387,0.37943,0.30216,0.29309,0.73026
2022-08-07,land cells far from stations,1.10796,0.39499,0.32213,0.31664,0.82642
2022-08-08,all land cells,1.15672,0.49472,0.30983,0.29337,0.58151
2022-08-08,land cells far from stations,1.06310,0.52247,0.34407,0.31718,0.67240
2022-08-09,all land cells,1.41981,0.47234,0.26837,0.27443,0.72772
2022-08-09,land cells far from stations,1.37009,0.49920,0.31065,0.30247,0.89214
2022-08-10,all land cells,1.55918,0.59067,0.36345,0.37400,0.68437
2022-08-10,land cells far from stations,1.84715,0.66821,0.42564,0.41544,0.58304
2022-08-11,all land cells,0.93408,0.66217,0.38894,0.38494,0.71602
2022-08-11,land cells far from stations,0.95589,0.71890,0.43319,0.43710,0.85641
2022-08-12,all land cells,1.04936,0.57596,0.45732,0.43935,1.65394
2022-08-12,land cells far from stations,0.97445,0.58928,0.47206,0.45803,1.68551
2022-08-13,all land cells,1.11623,0.42790,0.44388,0.46681,0.73969
2022-08-13,land cells far from stations,1.24267,0.53182,0.60835,0.65065,0.58736
2022-08-14,all land cells,0.88476,1.11495,0.29278,0.24415,1.11333
2022-08-14,land cells far from stations,0.98794,1.16921,0.34447,0.27233,0.75635
2022-08-15,all land cells,1.34815,2.45036,0.42581,0.39680,1.59678
2022-08-15,land cells far from stations,1.41473,2.38392,0.47921,0.44444,1.58756
2022-08-16,all land cells,0.92445,0.75216,0.35105,0.44576,1.43206
2022-08-16,land cells far from stations,0.97999,0.71477,0.43080,0.59252,1.27095
2022-08-17,all land cells,0.68941,0.40887,0.27627,0.26813,0.62710
2022-08-17,land cells far from stations,0.68901,0.36555,0.24448,0.26613,0.51797
2022-08-18,all land cells,0.64434,1.05869,0.28266,0.26074,0.48997
2022-08-18,land cells far from stations,0.67660,1.04048,0.32320,0.29797,0.51234
2022-08-19,all land cells,0.65643,0.74146,0.27428,0.28711,0.37421
2022-08-19,land cells far from stations,0.71049,0.75896,0.28884,0.32333,0.38347
2022-08-20,all land cells,0.60438,0.76833,0.27994,0.27485,0.61070
2022-08-20,land cells far from stations,0.69852,0.74401,0.32127,0.29046,0.66798
2022-08-21,all land cells,0.70150,0.36578,0.25312,0.27922,0.63221
2022-08-21,land cells far from stations,0.66891,0.35713,0.25996,0.27437,0.52906
2022-08-22,all land cells,1.04503,0.56139,0.27902,0.29959,0.51199
2022-08-22,land cells far from stations,1.10401,0.63918,0.31806,0.35792,0.53628
2022-08-23,all land cells,1.23721,0.50725,0.38665,0.37576,1.21952
2022-08-23,land cells far from stations,1.23596,0.48970,0.40062,0.38611,1.21800
2022-08-24,all land cells,1.72127,1.10147,0.64605,0.68025,2.54900
2022-08-24,land cells far from stations,1.62687,1.07308,0.72894,0.76943,3.02519
2022-08-25,all land cells,1.09159,0.68660,0.41914,0.45449,2.02953
2022-08-25,land cells far from stations,0.95390,0.70398,0.40976,0.44494,2.25969
2022-08-26,all land cells,1.43390,0.68659,0.33890,0.34003,1.41794
2022-08-26,land cells far from stations,1.43927,0.61864,0.35486,0.35405,1.49258
2022-08-27,all land cells,1.26187,0.56252,0.38604,0.36583,1.00057
2022-08-27,land cells far from stations,1.21315,0.59239,0.45130,0.43725,1.20208
2022-08-28,all land cells,2.05569,0.64316,0.33986,0.34907,1.85764
2022-08-28,land cells far from stations,2.10514,0.62555,0.38233,0.40015,2.20464
2022-08-29,all land cells,1.53370,0.62144,0.26028,0.26496,0.47569
2022-08-29,land cells far from stations,1.65051,0.62205,0.28165,0.26947,0.36052
2022-08-30,all land cells,2.04156,0.73566,0.33363,0.34982,0.73570
2022-08-30,land cells far from stations,1.85902,0.74422,0.35428,0.39126,0.74116
2022-08-31,all land cells,1.65368,1.02935,0.35095,0.36933,0.49472
2022-08-31,land cells far from stations,1.40699,0.91118,0.36563,0.38036,0.47031
2023-06-01,all land cells,1.50856,0.81243,0.62463,0.63161,3.30602
2023-06-01,land cells far from stations,1.39079,0.88322,0.67809,0.69510,4.08837
2023-06-02,all land cells,1.25688,1.05551,0.51068,0.50281,2.06781
2023-06-02,land cells far from stations,1.42568,1.04470,0.56832,0.53732,2.20860
2023-06-03,all land cells,1.67110,1.03996,0.69287,0.67424,3.08988
2023-06-03,land cells far from stations,1.81770,1.09305,0.74270,0.72980,3.50012
2023-06-04,all land cells,1.29119,0.90014,0.37145,0.37208,1.12201
2023-06-04,land cells far from stations,1.10104,0.81998,0.38487,0.37984,1.36319
2023-06-05,all land cells,0.83926,0.99651,0.48520,0.45989,1.69333
2023-06-05,land cells far from stations,0.91126,1.09627,0.51527,0.44055,2.14978
2023-06-06,all land cells,0.78233,0.82569,0.46629,0.46503,1.49314
2023-06-06,land cells far from stations,0.73528,0.83174,0.59308,0.59098,1.57362
2023-06-07,all land cells,1.22077,1.09436,0.51081,0.50075,1.25067
2023-06-07,land cells far from stations,1.23713,1.21429,0.49310,0.52156,1.33724
2023-06-08,all land cells,1.35382,1.74154,0.44479,0.42582,1.71718
2023-06-08,land cells far from stations,1.38151,1.79925,0.47359,0.46174,1.65017
2023-06-09,all land cells,0.56487,0.56427,0.33144,0.32283,1.04491
2023-06-09,land cells far from stations,0.55454,0.54112,0.32859,0.30968,1.12614
2023-06-10,all land cells,0.98394,0.76575,0.56205,0.63296,1.25272
2023-06-10,land cells far from stations,1.00549,0.83378,0.56434,0.60089,1.54922
2023-06-11,all land cells,0.76625,0.70054,0.26527,0.30800,0.39176
2023-06-11,land cells far from stations,0.70046,0.79201,0.30691,0.37909,0.42915
2023-06-12,all land cells,0.75979,0.58114,0.33550,0.38008,0.96085
2023-06-12,land cells far from stations,0.73217,0.55145,0.34857,0.43759,1.12975
2023-06-13,all land cells,1.69000,0.59546,0.32942,0.31404,1.22240
2023-06-13,land cells far from stations,1.45172,0.55242,0.36231,0.35987,1.29757
2023-06-14,all land cells,0.92517,0.49719,0.63824,0.60352,0.77663
2023-06-14,land cells far from stations,0.93717,0.57651,0.73306,0.65066,0.82315
2023-06-15,all land cells,0.91761,0.39320,0.45079,0.52457,0.93723
2023-06-15,land cells far from stations,1.05968,0.43144,0.52676,0.62814,1.29495
2023-06-16,all land cells,2.51206,1.02612,0.33455,0.34458,0.63768
2023-06-16,land cells far from stations,2.52707,1.20420,0.38728,0.40442,0.58218
2023-06-17,all land cells,1.98880,0.65448,0.43940,0.43371,1.24974
2023-06-17,land cells far from stations,2.21459,0.67877,0.55826,0.53319,1.25412
2023-06-18,all land cells,1.75393,0.59582,0.40383,0.41676,0.51176
2023-06-18,land cells far from stations,1.57726,0.64203,0.31936,0.38386,0.58422
2023-06-19,all land cells,1.82433,0.76814,0.38376,0.35618,1.66941
2023-06-19,land cells far from stations,1.76962,0.80582,0.40622,0.36192,1.85604
2023-06-20,all land cells,2.25377,0.71986,0.37828,0.39179,1.34796
2023-06-20,land cells far from stations,2.44035,0.85100,0.39146,0.39022,1.73627
2023-06-21,all land cells,2.02749,0.83365,0.54058,0.53634,1.81143
2023-06-21,land cells far from stations,1.99260,0.90774,0.58305,0.58110,2.53573
2023-06-22,all land cells,1.27766,0.33963,0.28303,0.30458,1.13564
2023-06-22,land cells far from stations,1.28310,0.33630,0.32214,0.33882,1.03128
2023-06-23,all land cells,1.33240,0.74552,0.44737,0.43230,2.15251
2023-06-23,land cells far from stations,1.22169,0.71027,0.50203,0.49492,2.26637
2023-06-24,all land cells,2.16074,0.77239,0.65404,0.65399,3.50350
2023-06-24,land cells far from stations,2.09833,0.82342,0.73824,0.72102,3.92386
2023-06-25,all land cells,1.28764,0.76590,0.41210,0.41426,2.70613
2023-06-25,land cells far from stations,1.11306,0.81603,0.42915,0.43909,3.15946
2023-06-26,all land cells,1.88003,0.73028,0.45400,0.44705,1.41894
2023-06-26,land cells far from stations,1.56699,0.71586,0.45790,0.47065,1.57711
2023-06-27,all land cells,1.34633,0.37391,0.32308,0.32366,1.34334
2023-06-27,land cells far from stations,1.26785,0.37834,0.31860,0.31856,1.44477
2023-06-28,all land cells,0.85067,0.70809,0.33978,0.35104,0.80963
2023-06-28,land cells far from stations,0.86219,0.78657,0.36504,0.35861,0.78172
2023-06-29,all land cells,1.64549,1.18209,0.73335,0.67265,2.83598
2023-06-29,land cells far from stations,1.82796,1.29038,0.78286,0.72972,3.10619
2023-06-30,all land cells,1.37569,0.60483,0.63009,0.60749,3.37642
2023-06-30,land cells far from stations,1.36711,0.70955,0.69746,0.69675,4.39725
2023-07-01,all land cells,1.12909,0.95323,0.59474,0.65999,2.93015
2023-07-01,land cells far from stations,1.13237,0.88030,0.67273,0.76637,3.75344
2023-07-02,all land cells,1.65014,0.96381,0.49592,0.49626,3.38759
2023-07-02,land cells far from stations,1.60260,0.96224,0.53023,0.53849,3.79347
2023-07-03,all land cells,1.56806,0.91866,0.50735,0.49020,1.97672
2023-07-03,land cells far from stations,1.63791,1.00753,0.54682,0.55042,2.52065
2023-07-04,all land cells,1.00749,0.54225,0.54244,0.53712,2.53910
2023-07-04,land cells far from stations,1.07329,0.58839,0.55502,0.54179,2.83611
2023-07-05,all land cells,0.84332,0.87581,0.36495,0.36946,1.87026
2023-07-05,land cells far from stations,0.82177,0.86729,0.40371,0.41007,2.17467
2023-07-06,all land cells,2.70297,0.74158,0.54050,0.48972,1.42292
2023-07-06,land cells far from stations,2.40981,0.88277,0.71393,0.60677,1.67765
2023-07-07,all land cells,2.30568,0.56886,0.35565,0.34502,1.68218
2023-07-07,land cells far from stations,2.31437,0.56180,0.36717,0.35581,1.38107
2023-07-08,all land cells,3.01391,0.73745,0.50224,0.48101,2.44148
2023-07-08,land cells far from stations,2.99190,0.78490,0.57107,0.53350,2.86609
2023-07-09,all land cells,3.06217,0.75189,0.57648,0.51589,2.72257
2023-07-09,land cells far from stations,2.85689,0.84941,0.70008,0.62975,3.01223
2023-07-10,all land cells,2.54152,0.67204,0.45606,0.44688,2.31724
2023-07-10,land cells far from stations,2.16327,0.76763,0.54925,0.55668,2.84829
2023-07-11,all land cells,2.53386,1.37483,0.42077,0.38107,0.73559
2023-07-11,land cells far from stations,2.20123,1.26237,0.45463,0.42511,0.80642
2023-07-12,all land cells,1.30559,0.57682,0.24161,0.27590,0.41919
2023-07-12,land cells far from stations,1.20060,0.54723,0.21854,0.24138,0.43699
2023-07-13,all land cells,2.01674,0.87260,0.32664,0.29125,0.72176
2023-07-13,land cells far from stations,1.48274,0.68219,0.34372,0.29037,0.75116
2023-07-14,all land cells,1.72709,0.84509,0.26027,0.25732,0.47175
2023-07-14,land cells far from stations,1.55195,0.85229,0.25506,0.26195,0.42332
2023-07-15,all land cells,1.28139,0.65359,0.37325,0.37990,0.62071
2023-07-15,land cells far from stations,1.26302,0.57760,0.36661,0.38285,0.55462
2023-07-16,all land cells,1.39862,0.35820,0.28083,0.29573,1.54959
2023-07-16,land cells far from stations,1.13112,0.31121,0.27014,0.31902,1.39116
2023-07-17,all land cells,1.24371,0.58360,0.30572,0.27387,0.78106
2023-07-17,land cells far from stations,1.19600,0.55173,0.32457,0.30294,0.69666
2023-07-18,all land cells,0.65535,0.77840,0.29407,0.31925,0.82083
2023-07-18,land cells far from stations,0.62863,0.73190,0.29420,0.29534,0.63280
2023-07-19,all land cells,0.83691,0.99725,0.34907,0.34568,0.87480
2023-07-19,land cells far from stations,0.67561,1.11139,0.33647,0.32912,0.79924
2023-07-20,all land cells,1.25698,0.46442,0.37359,0.35982,0.76632
2023-07-20,land cells far from stations,1.22598,0.51219,0.38665,0.35357,0.83488
2023-07-21,all land cells,1.03834,0.52113,0.22196,0.22051,0.59913
2023-07-21,land cells far from stations,0.84197,0.53755,0.21922,0.21520,0.58534
2023-07-22,all land cells,1.36494,0.38420,0.26066,0.27726,0.61505
2023-07-22,land cells far from stations,1.29557,0.40103,0.26986,0.29918,0.67612
2023-07-23,all land cells,1.30174,0.68478,0.41221,0.40653,1.28517
2023-07-23,land cells far from stations,1.38313,0.77789,0.46673,0.44581,1.54076
2023-07-24,all land cells,1.03021,0.69341,0.35800,0.38652,0.82929
2023-07-24,land cells far from stations,1.10149,0.82892,0.34497,0.36741,0.80307
2023-07-25,all land cells,1.00578,0.34814,0.48876,0.51392,0.56166
2023-07-25,land cells far from stations,0.91721,0.35335,0.43645,0.46497,0.68113
2023-07-26,all land cells,1.18117,0.43441,0.41849,0.39345,1.10623
2023-07-26,land cells far from stations,1.19257,0.46469,0.46135,0.46239,1.22287
2023-07-27,all land cells,0.84564,0.82884,0.32828,0.31165,0.95893
2023-07-27,land cells far from stations,1.02808,0.84170,0.39479,0.33594,0.98632
2023-07-28,all land cells,1.30632,0.69085,0.42368,0.45342,0.94350
2023-07-28,land cells far from stations,1.40054,0.68424,0.43175,0.45997,1.00144
2023-07-29,all land cells,1.48466,0.94930,0.49306,0.48583,2.45444
2023-07-29,land cells far from stations,1.62559,0.89887,0.52640,0.51773,2.89866
2023-07-30,all land cells,1.75100,0.73492,0.41468,0.39552,1.29412
2023-07-30,land cells far from stations,1.83820,0.80945,0.50008,0.46743,1.53364
2023-07-31,all land cells,2.06353,0.62253,0.35336,0.33355,1.11580
2023-07-31,land cells far from stations,1.49688,0.51169,0.37127,0.37663,1.12100
2023-08-01,all land cells,1.99759,0.51505,0.37214,0.38383,1.05576
2023-08-01,land cells far from stations,1.85381,0.48570,0.38561,0.42145,0.91577
2023-08-02,all land cells,0.74641,1.19637,0.44114,0.40078,1.90479
2023-08-02,land cells far from stations,0.67712,1.24491,0.41832,0.42656,1.81941
2023-08-03,all land cells,1.00150,0.80147,0.32969,0.31927,1.48067
2023-08-03,land cells far from stations,1.03886,0.65540,0.30886,0.28869,1.57273
2023-08-04,all land cells,1.29036,0.56099,0.54741,0.50853,1.38075
2023-08-04,land cells far from stations,1.00302,0.59056,0.54897,0.51588,1.44203
2023-08-05,all land cells,1.75761,0.46963,0.28052,0.29850,1.02968
2023-08-05,land cells far from stations,1.67414,0.55662,0.31341,0.34550,1.14745
2023-08-06,all land cells,1.50900,0.58152,0.34897,0.32807,1.57776
2023-08-06,land cells far from stations,1.54576,0.67285,0.38845,0.37673,1.94557
2023-08-07,all land cells,1.01114,0.56208,0.32340,0.30096,1.57584
2023-08-07,land cells far from stations,0.99160,0.57706,0.34972,0.32501,1.91408
2023-08-08,all land cells,1.24034,0.77675,0.37318,0.36973,1.18217
2023-08-08,land cells far from stations,1.24091,0.89084,0.37458,0.35239,1.08392
2023-08-09,all land cells,1.21560,1.51196,0.31180,0.31820,1.44818
2023-08-09,land cells far from stations,1.24124,1.38878,0.28920,0.30701,1.16583
2023-08-10,all land cells,0.90836,1.00467,0.47951,0.45486,2.13568
2023-08-10,land cells far from stations,0.88459,0.98691,0.49935,0.49739,2.10694
2023-08-11,all land cells,0.98744,1.26446,0.36203,0.34469,0.72349
2023-08-11,land cells far from stations,0.89581,1.06976,0.33456,0.29529,0.65907
2023-08-12,all land cells,1.12913,0.86156,0.46304,0.43533,0.64803
2023-08-12,land cells far from stations,1.07644,0.85385,0.61276,0.57620,0.53965
2023-08-13,all land cells,0.85317,0.74918,0.32774,0.35528,0.67053
2023-08-13,land cells far from stations,0.87800,0.82261,0.33510,0.37125,0.77974
2023-08-14,all land cells,1.64170,0.52015,0.36302,0.35015,0.97049
2023-08-14,land cells far from stations,1.45625,0.51279,0.40730,0.40334,0.97519
2023-08-15,all land cells,1.39838,0.39481,0.42849,0.45260,0.83503
2023-08-15,land cells far from stations,1.40583,0.36076,0.44630,0.50564,0.70620
2023-08-16,all land cells,1.26108,0.53407,0.42319,0.40006,0.70710
2023-08-16,land cells far from stations,1.20150,0.52385,0.45177,0.43788,0.58991
2023-08-17,all land cells,1.45631,0.52771,0.32133,0.32656,1.09764
2023-08-17,land cells far from stations,1.46189,0.50379,0.33182,0.33349,1.02911
2023-08-18,all land cells,3.35160,0.76432,0.53665,0.52378,1.63866
2023-08-18,land cells far from stations,3.05640,0.75382,0.53865,0.54244,1.93319
2023-08-19,all land cells,1.45870,0.86981,0.39844,0.41359,0.61958
2023-08-19,land cells far from stations,1.31031,0.89564,0.41728,0.45456,0.83206
2023-08-20,all land cells,1.37426,0.68647,0.46965,0.49154,1.54719
2023-08-20,land cells far from stations,1.22867,0.70644,0.53882,0.57077,1.78211
2023-08-21,all land cells,1.64948,0.99144,0.36925,0.39574,0.77503
2023-08-21,land cells far from stations,1.71867,1.05660,0.39521,0.43408,0.85399
2023-08-22,all land cells,1.21170,0.69287,0.48736,0.45743,0.99993
2023-08-22,land cells far from stations,1.15837,0.62481,0.47638,0.44791,1.11230
2023-08-23,all land cells,1.59493,0.82338,0.66189,0.69639,2.01645
2023-08-23,land cells far from stations,1.47385,0.86295,0.73312,0.79242,2.50453
2023-08-24,all land cells,1.16040,0.59585,0.46944,0.44584,2.35036
2023-08-24,land cells far from stations,1.14801,0.56769,0.48966,0.48725,2.25026
2023-08-25,all land cells,1.61164,0.50025,0.47756,0.47231,2.33401
2023-08-25,land cells far from stations,1.51452,0.43858,0.47373,0.47407,2.20807
2023-08-26,all land cells,1.93757,0.57687,0.36515,0.37128,1.16027
2023-08-26,land cells far from stations,1.87905,0.58386,0.34090,0.34545,1.09387
2023-08-27,all land cells,1.56352,0.61590,0.58048,0.54850,1.56696
2023-08-27,land cells far from stations,1.42919,0.67126,0.51696,0.49517,1.90927
2023-08-28,all land cells,1.27498,0.57484,0.35769,0.40704,1.19573
2023-08-28,land cells far from stations,1.23418,0.50221,0.37896,0.49490,1.23029
2023-08-29,all land cells,1.34045,0.37809,0.31241,0.29831,1.00998
2023-08-29,land cells far from stations,1.21980,0.42180,0.31806,0.29311,1.06970
2023-08-30,all land cells,1.13978,0.46158,0.52340,0.52316,1.29405
2023-08-30,land cells far from stations,1.01087,0.33686,0.46837,0.48080,1.12200
2023-08-31,all land cells,1.65771,0.70994,0.53475,0.50315,2.52405
2023-08-31,land cells far from stations,1.81638,0.74843,0.58726,0.54376,2.44442
